-- phpMyAdmin SQL Dump
-- version 4.8.5
-- https://www.phpmyadmin.net/
--
-- 主机： localhost
-- 生成日期： 2024-12-27 19:21:12
-- 服务器版本： 5.7.26
-- PHP 版本： 7.3.4

SET SQL_MODE = "NO_AUTO_VALUE_ON_ZERO";
SET AUTOCOMMIT = 0;
START TRANSACTION;
SET time_zone = "+00:00";


/*!40101 SET @OLD_CHARACTER_SET_CLIENT=@@CHARACTER_SET_CLIENT */;
/*!40101 SET @OLD_CHARACTER_SET_RESULTS=@@CHARACTER_SET_RESULTS */;
/*!40101 SET @OLD_COLLATION_CONNECTION=@@COLLATION_CONNECTION */;
/*!40101 SET NAMES utf8mb4 */;

--
-- 数据库： `simsdbb`
--
CREATE DATABASE IF NOT EXISTS `simsdbb` DEFAULT CHARACTER SET utf8mb4 COLLATE utf8mb4_general_ci;
USE `simsdbb`;

-- --------------------------------------------------------

--
-- 表的结构 `score`
--

DROP TABLE IF EXISTS `score`;
CREATE TABLE IF NOT EXISTS `score` (
  `subject_id` varchar(100) NOT NULL COMMENT '课程名编号\r\n\r\n',
  `subject_name` varchar(255) NOT NULL COMMENT '课程名',
  `student_id` varchar(255) NOT NULL COMMENT '学号',
  `student_name` varchar(255) NOT NULL COMMENT '学生姓名',
  `student_class` varchar(255) NOT NULL COMMENT '班级',
  `score` double(255,1) NOT NULL COMMENT '成绩',
  `only_id` int(11) NOT NULL AUTO_INCREMENT COMMENT '唯一ID',
  PRIMARY KEY (`only_id`),
  UNIQUE KEY `only_id` (`only_id`)
) ENGINE=InnoDB AUTO_INCREMENT=234 DEFAULT CHARSET=gb2312 ROW_FORMAT=COMPACT;

--
-- 转存表中的数据 `score`
--

INSERT INTO `score` (`subject_id`, `subject_name`, `student_id`, `student_name`, `student_class`, `score`, `only_id`) VALUES
('A001', '英语视听说', '150405201', '张磊', '计算机1502', 100.0, 1),
('A001', '英语视听说', '150405202', '呼伦', '计算机1502', 90.0, 2),
('A001', '英语视听说', '150405203', '王先志', '计算机1502', 80.0, 3),
('A001', '英语视听说', '150405303', '谢浩林', '计算机1503', 70.0, 4),
('B001', '书法鉴赏', '150405105', '程明浩', '计算机1501', 99.0, 5),
('B001', '书法鉴赏', '150405115', '赵家亿', '计算机1501', 60.0, 6),
('B001', '书法鉴赏', '001', '刘星', '计算机1501', 66.0, 7),
('B001', '书法鉴赏', '59388783', '张磊', '计算机1502', 80.0, 8),
('A001', '英语视听说', '2024217766', '年后', '计科Z2401', 80.0, 9),
('A001', '英语视听说', '202420777', 'ALICE', '计科Z2402', 85.0, 10),
('A001', '英语视听说', '202420779', 'Charlie', '计科Z2404', 99.0, 12),
('A001', '英语视听说', '202420780', 'David', '软工2401', 99.0, 13),
('A001', '英语视听说', '202420781', 'ａｊｊａ', '软工2402', 87.0, 14),
('A001', '英语视听说', '202420782', 'Frank', '信管2401', 90.0, 15),
('A001', '英语视听说', '202420783', 'Grace', '信管2402', 88.0, 16),
('A001', '英语视听说', '202420784', 'Helen', '网工2401', 85.0, 17),
('A001', '英语视听说', '202420785', 'Ian', '网工2402', 83.0, 18),
('A001', '英语视听说', '202420786', 'Jack', '电子2401', 82.0, 19),
('A001', '英语视听说', '202420787', 'Karen', '电子2402', 89.0, 20),
('D001', '计算机导论', '202420788', 'Leo', '计科Z2401', 75.0, 21),
('D001', '计算机导论', '202420789', 'Mia', '计科Z2402', 88.0, 22),
('D002', '数据结构', '202420790', 'Nina', '计科Z2403', 91.0, 23),
('D002', '数据结构', '202420791', '阿虎', '计科Z2404', 77.0, 24),
('B001', '书法鉴赏', '202420792', 'Paul', '软工2401', 84.0, 25),
('B001', '书法鉴赏', '202420793', 'Quinn', '软工2402', 79.0, 26),
('C001', '市场营销导论', '202420794', 'Rachel', '信管2401', 86.0, 27),
('C001', '市场营销导论', '202420795', 'Steve', '信管2402', 80.0, 28),
('C002', '知识产权保护', '202420796', 'Tom', '网工2401', 88.0, 29),
('C002', '知识产权保护', '202420797', 'Uma', '网工2402', 76.0, 30),
('A002', '英文写作', '202420798', 'Victor', '电子2401', 87.0, 31),
('A001', '英语视听说', '202420800', '李明', '计科Z2401', 85.0, 33),
('A001', '英语视听说', '202420801', '王芳', '计科Z2402', 78.0, 34),
('A001', '英语视听说', '202420802', '张伟', '计科Z2403', 92.0, 35),
('A001', '英语视听说', '202420803', '刘娜', '计科Z2404', 88.0, 36),
('A001', '英语视听说', '202420804', '陈强', '软工2401', 90.0, 37),
('A001', '英语视听说', '202420805', '赵静', '软工2402', 87.0, 38),
('A001', '英语视听说', '202420806', '孙鹏', '信管2401', 89.0, 39),
('A001', '英语视听说', '202420807', '周丽', '信管2402', 84.0, 40),
('A001', '英语视听说', '202420808', '吴磊', '网工2401', 81.0, 41),
('A001', '英语视听说', '202420809', '郑霞', '网工2402', 79.0, 42),
('A001', '英语视听说', '202420810', '许杰', '电子2401', 83.0, 43),
('A001', '英语视听说', '202420811', '黄燕', '电子2402', 86.0, 44),
('D001', '计算机导论', '202420812', '唐浩', '计科Z2401', 76.0, 45),
('D001', '计算机导论', '202420813', '冯媛', '计科Z2402', 88.0, 46),
('D002', '数据结构', '202420814', '董志', '计科Z2403', 91.0, 47),
('D002', '数据结构', '202420815', '程晓', '计科Z2404', 77.0, 48),
('B001', '书法鉴赏', '202420816', '杨超', '软工2401', 85.0, 49),
('B001', '书法鉴赏', '202420817', '何娜', '软工2402', 78.0, 50),
('C001', '市场营销导论', '202420818', '邓军', '信管2401', 87.0, 51),
('C001', '市场营销导论', '202420819', '廖婷', '信管2402', 84.0, 52),
('C002', '知识产权保护', '202420820', '龚涛', '网工2401', 88.0, 53),
('C002', '知识产权保护', '202420821', '贺欣', '网工2402', 79.0, 54),
('A002', '英文写作', '202420822', '潘云', '电子2401', 80.0, 55),
('A002', '英文写作', '202420823', '魏琼', '电子2402', 86.0, 56),
('D001', '计算机导论', '202420824', '钱佳', '软工2401', 82.0, 57),
('D002', '数据结构', '202420825', '侯龙', '软工2402', 85.0, 58),
('C001', '市场营销导论', '202420826', '崔丽', '信管2401', 89.0, 59),
('B001', '书法鉴赏', '202420827', '康伟', '信管2402', 78.0, 60),
('A001', '英语视听说', '202420828', '顾彤', '网工2401', 81.0, 61),
('A002', '英文写作', '2024208296', '邵宁', '网工2402', 86.0, 62),
('C002', '知识产权保护', '2024208306', '齐东', '电子2401', 80.0, 63),
('B001', '书法鉴赏', '2024208316', '任雪', '电子2402', 83.0, 64),
('F001', '大数据分析', '202420801', '李强', '软工2401', 85.0, 65),
('F002', '机器学习', '202420801', '李强', '软工2401', 92.0, 66),
('G001', '网络安全', '202420802', '王伟', '软工2402', 88.0, 67),
('G002', '计算机视觉', '202420802', '王伟', '软工2402', 90.0, 68),
('H001', '深度学习', '202420810', '张颖', '信管2401', 84.0, 69),
('H002', '嵌入式系统', '202420810', '张颖', '信管2401', 86.0, 70),
('I001', '数据库管理系统', '202420820', '赵云', '计科Z2402', 91.0, 71),
('I002', '算法设计与分析', '202420820', '赵云', '计科Z2402', 87.0, 72),
('J001', '软件工程导论', '2024208306', '刘畅', '网工2401', 92.0, 73),
('J002', '操作系统原理', '2024208306', '刘畅', '网工2401', 94.0, 74),
('E001', '人工智能导论', '202420805', '陈凯', '软工2402', 83.0, 75),
('E002', '云计算基础', '202420805', '陈凯', '软工2402', 88.0, 76),
('F001', '大数据分析', '202420808', '李雪', '网工2402', 81.0, 77),
('F002', '机器学习', '202420808', '李雪', '网工2402', 85.0, 78),
('G001', '网络安全', '202420811', '周航', '电子2401', 78.0, 79),
('G002', '计算机视觉', '202420811', '周航', '电子2401', 82.0, 80),
('H001', '深度学习', '202420819', '高飞', '电子2402', 80.0, 81),
('H002', '嵌入式系统', '202420819', '高飞', '电子2402', 79.0, 82),
('I001', '数据库管理系统', '202420825', '许欣', '信管2402', 92.0, 83),
('I002', '算法设计与分析', '202420825', '许欣', '信管2402', 88.0, 84),
('J001', '软件工程导论', '202420829', '孙浩', '计科Z2403', 86.0, 85),
('J002', '操作系统原理', '202420829', '孙浩', '计科Z2403', 90.0, 86),
('B001', '书法鉴赏', '202433061', '阿瑟东', '计科Z2401', 54.0, 87),
('B001', '书法鉴赏', '202536410', '章阿红', '计科Z2401', 23.0, 88),
('C001', '市场营销导论', '1001', '奥萨蒂', '软件2401', 66.0, 90),
('J002', '操作系统原理', '100101', '张三上', '软件20102', 33.0, 91),
('D001', '计算机导论', '2024207766', 'ad', '计科Z2401', 88.0, 92),
('I001', '数据库管理系统', '150405201', '张磊', '计算机1502', 90.0, 93),
('I001', '数据库管理系统', '150405202', '呼伦', '计算机1502', 92.0, 94),
('I001', '数据库管理系统', '150405203', '王先志', '计算机1502', 85.0, 95),
('J002', '操作系统原理', '150405201', '你好', '计算机1502', 95.0, 96),
('J002', '操作系统原理', '150405202', '呼伦', '计算机1502', 95.0, 97),
('J002', '操作系统原理', '150405203', '王先志', '计算机1502', 95.0, 98),
('J002', '操作系统原理', '150405303', '谢浩林', '计算机1503', 95.0, 99),
('J002', '操作系统原理', '150405105', '程明浩', '计算机1501', 95.0, 100),
('J002', '操作系统原理', '150405115', '赵家亿', '计算机1501', 95.0, 101),
('J002', '操作系统原理', '150405201', '张磊', '计算机1502', 95.0, 103),
('J002', '操作系统原理', '2024217766', '牛章', '计科Z2401', 95.0, 104),
('J002', '操作系统原理', '202420777', 'Alice', '计科Z2402', 95.0, 105),
('J002', '操作系统原理', '202420779', 'Charlie', '计科Z2404', 95.0, 106),
('J002', '操作系统原理', '202420780', 'David', '软工2401', 95.0, 107),
('J002', '操作系统原理', '202420781', 'Emma', '软工2402', 95.0, 108),
('J002', '操作系统原理', '202420782', 'Frank', '信管2401', 95.0, 109),
('J002', '操作系统原理', '202420783', 'Grace', '信管2402', 95.0, 110),
('J002', '操作系统原理', '202420784', 'Helen', '网工2401', 95.0, 111),
('J002', '操作系统原理', '202420785', 'Ian1', '网工2402', 95.0, 112),
('J002', '操作系统原理', '202420786', 'Jack', '电子2401', 95.0, 113),
('J002', '操作系统原理', '202420787', 'Karen', '电子2402', 95.0, 114),
('J002', '操作系统原理', '202420788', 'Leo', '计科Z2401', 95.0, 115),
('J002', '操作系统原理', '202420789', 'Mia', '计科Z2402', 95.0, 116),
('J002', '操作系统原理', '202420790', 'Nina', '计科Z2403', 95.0, 117),
('J002', '操作系统原理', '202420791', 'Oscar', '计科Z2404', 95.0, 118),
('J002', '操作系统原理', '202420792', 'Paul', '软工2401', 95.0, 119),
('J002', '操作系统原理', '202420793', 'Quinn', '软工2402', 95.0, 120),
('J002', '操作系统原理', '202420794', 'Rachel', '信管2401', 95.0, 121),
('J002', '操作系统原理', '202420795', 'Steve', '信管2402', 95.0, 122),
('J002', '操作系统原理', '202420796', 'Tom', '网工2401', 95.0, 123),
('J002', '操作系统原理', '202420797', 'Uma', '网工2402', 95.0, 124),
('J002', '操作系统原理', '202420798', 'Victor', '电子2401', 95.0, 125),
('J002', '操作系统原理', '202420800', '李明', '计科Z2401', 95.0, 126),
('J002', '操作系统原理', '202420801', '王芳', '计科Z2402', 95.0, 127),
('J002', '操作系统原理', '202420802', '张伟', '计科Z2403', 95.0, 128),
('J002', '操作系统原理', '202420803', '刘娜', '计科Z2404', 95.0, 129),
('J002', '操作系统原理', '202420804', '陈强', '软工2401', 95.0, 130),
('J002', '操作系统原理', '202420805', '赵静', '软工2402', 95.0, 131),
('J002', '操作系统原理', '202420806', '孙鹏', '信管2401', 95.0, 132),
('J002', '操作系统原理', '202420807', '周丽', '信管2402', 95.0, 133),
('J002', '操作系统原理', '202420808', '吴磊', '网工2401', 95.0, 134),
('J002', '操作系统原理', '202420809', '郑霞', '网工2402', 95.0, 135),
('J002', '操作系统原理', '202420810', '许杰', '电子2401', 95.0, 136),
('J002', '操作系统原理', '202420811', '黄燕', '电子2402', 95.0, 137),
('J002', '操作系统原理', '202420812', '唐浩', '计科Z2401', 95.0, 138),
('J002', '操作系统原理', '202420813', '冯媛', '计科Z2402', 95.0, 139),
('J002', '操作系统原理', '202420814', '董志', '计科Z2403', 95.0, 140),
('J002', '操作系统原理', '202420815', '程晓', '计科Z2404', 95.0, 141),
('J002', '操作系统原理', '202420816', '杨超', '软工2401', 95.0, 142),
('J002', '操作系统原理', '202420817', '何娜', '软工2402', 95.0, 143),
('J002', '操作系统原理', '202420818', '邓军', '信管2401', 95.0, 144),
('J002', '操作系统原理', '202420819', '廖婷', '信管2402', 95.0, 145),
('J002', '操作系统原理', '202420820', '龚涛', '网工2401', 95.0, 146),
('J002', '操作系统原理', '202420821', '贺欣', '网工2402', 95.0, 147),
('J002', '操作系统原理', '202420822', '潘云', '电子2401', 95.0, 148),
('J002', '操作系统原理', '202420823', '魏琼', '电子2402', 95.0, 149),
('J002', '操作系统原理', '202420824', '钱佳', '软工2401', 95.0, 150),
('J002', '操作系统原理', '202420825', '侯龙', '软工2402', 95.0, 151),
('J002', '操作系统原理', '202420826', '崔丽', '信管2401', 95.0, 152),
('J002', '操作系统原理', '202420827', '康伟', '信管2402', 95.0, 153),
('J002', '操作系统原理', '202420828', '顾彤', '网工2401', 95.0, 154),
('J002', '操作系统原理', '202420829', '邵宁', '网工2402', 95.0, 155),
('J002', '操作系统原理', '2024208306', '齐东', '电子2401', 95.0, 156),
('J002', '操作系统原理', '2024208316', '任雪', '电子2402', 95.0, 157),
('J002', '操作系统原理', '202420801', '李强', '软工2401', 95.0, 158),
('J002', '操作系统原理', '202420801', '李强', '软工2401', 95.0, 159),
('J002', '操作系统原理', '202420802', '王伟', '软工2402', 95.0, 160),
('J002', '操作系统原理', '202420802', '王伟', '软工2402', 95.0, 161),
('J002', '操作系统原理', '202420810', '张颖', '信管2401', 95.0, 162),
('J002', '操作系统原理', '202420810', '张颖', '信管2401', 95.0, 163),
('J002', '操作系统原理', '202420820', '赵云', '计科Z2402', 95.0, 164),
('J002', '操作系统原理', '202420820', '赵云', '计科Z2402', 95.0, 165),
('J002', '操作系统原理', '2024208306', '刘畅', '网工2401', 95.0, 166),
('J002', '操作系统原理', '2024208306', '刘畅', '网工2401', 95.0, 167),
('J002', '操作系统原理', '202420805', '陈凯', '软工2402', 95.0, 168),
('J002', '操作系统原理', '202420805', '陈凯', '软工2402', 95.0, 169),
('J002', '操作系统原理', '202420808', '李雪', '网工2402', 95.0, 170),
('J002', '操作系统原理', '202420808', '李雪', '网工2402', 95.0, 171),
('J002', '操作系统原理', '202420811', '周航', '电子2401', 95.0, 172),
('J002', '操作系统原理', '202420811', '周航', '电子2401', 95.0, 173),
('J002', '操作系统原理', '202420819', '高飞', '电子2402', 95.0, 174),
('J002', '操作系统原理', '202420819', '高飞', '电子2402', 95.0, 175),
('J002', '操作系统原理', '202420825', '许欣', '信管2402', 95.0, 176),
('J002', '操作系统原理', '202420825', '许欣', '信管2402', 95.0, 177),
('J002', '操作系统原理', '202420829', '孙浩', '计科Z2403', 95.0, 178),
('J002', '操作系统原理', '202420829', '孙浩', '计科Z2403', 95.0, 179),
('J002', '操作系统原理', '202433061', '阿瑟东', '计科Z2401', 95.0, 180),
('J002', '操作系统原理', '202536410', '章阿红', '计科Z2401', 95.0, 181),
('J002', '操作系统原理', '100101', '张三上', '软件20102', 99.0, 183),
('J002', '操作系统原理', '2024207766', 'ad', '计科Z2401', 95.0, 184),
('J002', '操作系统原理', '150405201', '张磊', '计算机1502', 95.0, 185),
('J002', '操作系统原理', '150405202', '呼伦', '计算机1502', 95.0, 186),
('J002', '操作系统原理', '150405203', '王先志', '计算机1502', 95.0, 187),
('A001', '英语视听说', '2024207766', 'ad', '计科Z2401', 88.0, 223),
('A002', '英文写作', '2024207766', 'ad', '计科Z2401', 88.0, 224),
('B001', '书法鉴赏', '2024207766', 'ad', '计科Z2401', 88.0, 225),
('C001', '市场营销导论', '2024207766', 'ad', '计科Z2401', 88.0, 226),
('D001', '计算机导论', '2024207766', 'ad', '计科Z2401', 88.0, 227),
('E001', '人工智能导论', '2024207766', 'ad', '计科Z2401', 88.0, 228),
('E002', '云计算基础', '001', '刘星', '2401', 77.0, 230),
('I001', '数据库管理系统', '001', '刘星', '2401', 88.0, 231),
('C002', '知识产权保护', '2024207766', 'ad', '计科Z2401', 88.0, 232),
('A001', '英语视听说', '1227', 'COC', '2401', 66.0, 233);

-- --------------------------------------------------------

--
-- 表的结构 `student`
--

DROP TABLE IF EXISTS `student`;
CREATE TABLE IF NOT EXISTS `student` (
  `No` int(10) NOT NULL AUTO_INCREMENT,
  `student_id` varchar(255) NOT NULL,
  `student_name` varchar(255) NOT NULL,
  `sex` enum('男','女') DEFAULT NULL,
  `student_class` varchar(255) NOT NULL,
  PRIMARY KEY (`No`) USING BTREE
) ENGINE=InnoDB AUTO_INCREMENT=3 DEFAULT CHARSET=gb2312 ROW_FORMAT=COMPACT;

--
-- 转存表中的数据 `student`
--

INSERT INTO `student` (`No`, `student_id`, `student_name`, `sex`, `student_class`) VALUES
(1, '150405201', '张磊', '男', '计算机1502班'),
(2, '150405202', '呼伦', '男', '计算机1502班');

-- --------------------------------------------------------

--
-- 表的结构 `subject`
--

DROP TABLE IF EXISTS `subject`;
CREATE TABLE IF NOT EXISTS `subject` (
  `subject_id` varchar(100) NOT NULL COMMENT '课程号',
  `subject_name` varchar(255) DEFAULT NULL COMMENT '课程名',
  PRIMARY KEY (`subject_id`) USING BTREE
) ENGINE=InnoDB DEFAULT CHARSET=gb2312 ROW_FORMAT=COMPACT;

--
-- 转存表中的数据 `subject`
--

INSERT INTO `subject` (`subject_id`, `subject_name`) VALUES
('A001', '英语视听说'),
('A002', '英文写作'),
('B001', '书法鉴赏'),
('C001', '市场营销导论'),
('C002', '知识产权保护'),
('D001', '计算机导论'),
('D002', '数据结构'),
('E001', '人工智能导论'),
('E002', '云计算基础'),
('F001', '大数据分析'),
('F002', '机器学习'),
('G001', '网络安全'),
('G002', '计算机视觉'),
('H001', '深度学习'),
('H002', '嵌入式系统'),
('I001', '数据库管理系统'),
('I002', '算法设计与分析'),
('J001', '软件工程导论'),
('J002', '操作系统原理');

-- --------------------------------------------------------

--
-- 表的结构 `tb1`
--

DROP TABLE IF EXISTS `tb1`;
CREATE TABLE IF NOT EXISTS `tb1` (
  `username` varchar(20) NOT NULL COMMENT '用户名',
  `password` varchar(999) DEFAULT NULL COMMENT '密码',
  `u_uid` int(255) UNSIGNED NOT NULL AUTO_INCREMENT COMMENT '唯一ID',
  PRIMARY KEY (`u_uid`) USING BTREE
) ENGINE=InnoDB AUTO_INCREMENT=4 DEFAULT CHARSET=gb2312 ROW_FORMAT=COMPACT;

--
-- 转存表中的数据 `tb1`
--

INSERT INTO `tb1` (`username`, `password`, `u_uid`) VALUES
('123', '202cb962ac59075b964b07152d234b70', 1),
('123456', 'e10adc3949ba59abbe56e057f20f883e', 2),
('root', '63a9f0ea7bb98050796b649e85481845', 3);

-- --------------------------------------------------------

--
-- 表的结构 `user`
--

DROP TABLE IF EXISTS `user`;
CREATE TABLE IF NOT EXISTS `user` (
  `id` int(11) NOT NULL AUTO_INCREMENT COMMENT '唯一ID',
  `username` varchar(20) NOT NULL COMMENT '用户名',
  `student_id` varchar(20) NOT NULL COMMENT '学号',
  `n_username` varchar(50) NOT NULL COMMENT '学生姓名',
  `password` varchar(999) NOT NULL COMMENT '密码',
  PRIMARY KEY (`id`)
) ENGINE=InnoDB AUTO_INCREMENT=13 DEFAULT CHARSET=gb2312 ROW_FORMAT=COMPACT;

--
-- 转存表中的数据 `user`
--

INSERT INTO `user` (`id`, `username`, `student_id`, `n_username`, `password`) VALUES
(1, '123', '2024207766', 'Ealsen6', '123'),
(2, 'John', '2024207786', '李四', '123456'),
(3, '1112', '1112311', 'kmdk', '123'),
(4, '123123', '123123', '123123', '123123'),
(5, '002', '002', '章扇', '123'),
(6, '101010', '101010', '101010', '101010'),
(9, '001', '001', '刘星', '123'),
(10, '003', '003', '李三', '123'),
(11, '122', '122', 'Msid', '123'),
(12, '123654', '123654', '张三上', '123');
COMMIT;

/*!40101 SET CHARACTER_SET_CLIENT=@OLD_CHARACTER_SET_CLIENT */;
/*!40101 SET CHARACTER_SET_RESULTS=@OLD_CHARACTER_SET_RESULTS */;
/*!40101 SET COLLATION_CONNECTION=@OLD_COLLATION_CONNECTION */;
